{"unitsPerEm":512,"copyright":"Copyright (c) Font Awesome","url":"https://fontawesome.com","description":"The web's most popular icon set and toolkit.","fileType":0,"version":"6.5.1","fontFamily":"Font Awesome 6 Brands","fontStyle":"Regular","fontWeight":400,"unicodes":["0","21","23","24","25","2a","2b","30","31","32","33","34","35","36","37","38","39","3c","3d","3e","3f","40","41","42","43","44","45","46","47","48","49","4a","4b","4c","4d","4e","4f","50","51","52","53","54","55","56","57","58","59","5a","e007","e013","e01a","e01e","e049","e052","e055","e056","e057","e077","e078","e079","e07a","e07b","e07c","e07d","e07e","e07f","e080","e081","e082","e083","e084","e087","e088","e1fe","e2d0","e340","e360","e3d9","e40f","e43a","e44a","e499","e49b","e4a0","e530","e531","e570","e5ac","e5ad","e5ae","e5c6","e5c7","e60b","e60c","e618","e619","e61a","e61b","e62b","e62d","e62e","e62f","e63b","e63c","e63d","e640","e641","e65c","e663","f081","f082","f08c","f092","f099","f09a","f09b","f0d2","f0d3","f0d4","f0d5","f0e1","f113","f136","f13b","f13c","f15a","f167","f168","f169","f16b","f16c","f16d","f16e","f170","f171","f173","f174","f179","f17a","f17b","f17c","f17d","f17e","f180","f181","f184","f189","f18a","f18b","f18c","f18d","f194","f198","f19a","f19b","f19e","f1a0","f1a1","f1a2","f1a3","f1a4","f1a5","f1a6","f1a7","f1a8","f1a9","f1aa","f1b4","f1b5","f1b6","f1b7","f1bc","f1bd","f1be","f1ca","f1cb","f1cc","f1d0","f1d1","f1d2","f1d3","f1d4","f1d5","f1d6","f1d7","f1e7","f1e8","f1e9","f1ed","f1ee","f1f0","f1f1","f1f2","f1f3","f1f4","f1f5","f202","f203","f208","f209","f20d","f20e","f210","f211","f212","f213","f214","f215","f216","f231","f232","f237","f23a","f23b","f23c","f23d","f23e","f24b","f24c","f25e","f260","f261","f263","f264","f265","f266","f267","f268","f269","f26a","f26b","f26d","f26e","f270","f27c","f27d","f27e","f280","f281","f282","f284","f285","f286","f287","f288","f289","f28a","f293","f294","f296","f297","f298","f299","f2a5","f2a6","f2a9","f2aa","f2ab","f2ad","f2ae","f2b0","f2b1","f2b2","f2b3","f2b4","f2b8","f2c4","f2c5","f2c6","f2d5","f2d6","f2d7","f2d8","f2d9","f2da","f2dd","f2de","f2e0","f35c","f368","f369","f36a","f36b","f36c","f36d","f36e","f36f","f370","f371","f372","f373","f374","f375","f378","f379","f37a","f37b","f37c","f37d","f37f","f380","f383","f384","f385","f388","f38b","f38c","f38d","f38e","f38f","f391","f392","f393","f394","f395","f396","f397","f399","f39a","f39d","f39e","f39f","f3a1","f3a2","f3a3","f3a4","f3a6","f3a7","f3a8","f3a9","f3aa","f3ab","f3ac","f3ad","f3ae","f3af","f3b0","f3b1","f3b2","f3b4","f3b5","f3b6","f3b7","f3b8","f3b9","f3ba","f3bb","f3bc","f3bd","f3c0","f3c3","f3c4","f3c6","f3c8","f3ca","f3cb","f3cc","f3d0","f3d2","f3d3","f3d4","f3d5","f3d6","f3d7","f3d8","f3d9","f3da","f3db","f3dc","f3df","f3e1","f3e2","f3e3","f3e4","f3e6","f3e7","f3e8","f3e9","f3ea","f3eb","f3ec","f3ee","f3f3","f3f5","f3f6","f3f7","f3f8","f3f9","f402","f403","f404","f405","f407","f408","f409","f40a","f40b","f40c","f40d","f411","f412","f413","f414","f415","f416","f417","f419","f41a","f41b","f41c","f41d","f41e","f41f","f420","f421","f423","f426","f427","f428","f429","f42a","f42b","f42c","f42d","f42e","f42f","f430","f431","f44d","f452","f457","f459","f4d5","f4e4","f4e5","f4e7","f4e8","f4e9","f4ea","f4eb","f4ec","f4ed","f4ee","f4ef","f4f0","f4f1","f4f2","f4f3","f4f4","f4f5","f4f6","f4f7","f4f8","f4f9","f50a","f50b","f50c","f50d","f50e","f50f","f510","f511","f512","f513","f514","f592","f59e","f5a3","f5a8","f5b2","f5b5","f5be","f5c6","f5cc","f5cf","f5f1","f5f7","f5fa","f60f","f612","f63f","f642","f69d","f6c9","f6ca","f6cc","f6dc","f730","f731","f75d","f77a","f77b","f785","f789","f78d","f790","f791","f797","f798","f799","f7af","f7b0","f7b1","f7b3","f7bb","f7bc","f7c6","f7d3","f7d6","f7df","f7e0","f7e1","f7e3","f834","f835","f836","f837","f838","f839","f83a","f83b","f83c","f83d","f83f","f840","f841","f842","f89e","f8a6","f8ca","f8d2","f8e1","f8e8"],"unicodeAliases":{"21":{"0":[10069,10071,61738]},"23":{"0":[62098]},"24":{"0":[128178,61781]},"25":{"0":[62101,62785]},"40":{"0":[61946]},"41":{"0":[97]},"42":{"0":[98]},"43":{"0":[99]},"44":{"0":[100]},"45":{"0":[101]},"46":{"0":[102]},"47":{"0":[103]},"48":{"0":[104]},"49":{"0":[105]},"50":{"0":[112]},"51":{"0":[113]},"52":{"0":[114]},"53":{"0":[115]},"54":{"0":[116]},"55":{"0":[117]},"56":{"0":[118]},"57":{"0":[119]},"58":{"0":[120]},"59":{"0":[121]},"2a":{"0":[10033,61545]},"2b":{"0":[10133,61543]},"3c":{"0":[62774]},"3d":{"0":[62764]},"3e":{"0":[62769]},"3f":{"0":[10067,10068,61736]},"4a":{"0":[106]},"4b":{"0":[107]},"4c":{"0":[108]},"4d":{"0":[109]},"4e":{"0":[110]},"4f":{"0":[111]},"5a":{"0":[122]},"f09a":{"0":[62000]},"f167":{"0":[61802]},"f171":{"0":[61810]},"f198":{"0":[62447]},"f23a":{"0":[62407]},"f2ab":{"0":[62124]},"f2b4":{"0":[62501,62694]},"f2c6":{"0":[62462]},"f368":{"0":[62107]},"f431":{"0":[61798]}},"usagePermissions":0}