{"unitsPerEm":512,"copyright":"Copyright (c) Font Awesome","url":"https://fontawesome.com","description":"The web's most popular icon set and toolkit.","fileType":0,"version":"6.5.1","fontFamily":"Font Awesome v4 Compatibility","fontStyle":"Regular","fontWeight":400,"unicodes":["0","f041","f047","f065","f066","f07d","f07e","f080","f08b","f08e","f090","f09a","f0ac","f0ae","f0b2","f0d0","f0d6","f0e4","f0ec","f10a","f10b","f123","f13e","f148","f149","f14c","f156","f15e","f160","f161","f163","f175","f176","f177","f178","f195","f1f8","f219","f27a"],"unicodeAliases":{},"usagePermissions":0}