{"unitsPerEm":512,"copyright":"Copyright (c) Font Awesome","url":"https://fontawesome.com","description":"The web's most popular icon set and toolkit.","fileType":1,"version":"6.5.1","fontFamily":"Font Awesome 6 Free","fontStyle":"Solid","fontWeight":900,"unicodes":["0","20","21","23","24","25","2a","2b","2d","30","31","32","33","34","35","36","37","38","39","3c","3d","3e","3f","40","41","42","43","44","45","46","47","48","49","4a","4b","4c","4d","4e","4f","50","51","52","53","54","55","56","57","58","59","5a","200b","e005","e006","e00d","e012","e03f","e040","e041","e059","e05a","e05b","e05c","e05d","e05e","e05f","e060","e061","e062","e063","e064","e065","e066","e067","e068","e069","e06a","e06b","e06c","e06d","e06e","e06f","e070","e071","e072","e073","e074","e075","e076","e085","e086","e097","e098","e09a","e0a9","e0ac","e0b4","e0b7","e0bb","e0d8","e0df","e0e3","e0e4","e131","e139","e13a","e13b","e13c","e140","e152","e163","e169","e16d","e17b","e184","e185","e18f","e19a","e19b","e1a8","e1b0","e1bc","e1c4","e1c8","e1d3","e1d5","e1d7","e1ed","e1f3","e1f6","e1fe","e209","e221","e222","e22d","e23d","e289","e29c","e2b7","e2bb","e2c5","e2ca","e2cd","e2ce","e2e6","e2eb","e31e","e3af","e3b1","e3b2","e3f5","e43c","e445","e447","e448","e46c","e473","e476","e477","e47a","e47b","e490","e494","e4a5","e4a8","e4a9","e4aa","e4ab","e4ac","e4ad","e4af","e4b0","e4b3","e4b5","e4b6","e4b7","e4b8","e4b9","e4ba","e4bb","e4bc","e4bd","e4be","e4bf","e4c0","e4c1","e4c2","e4c3","e4c4","e4c5","e4c6","e4c7","e4c8","e4c9","e4ca","e4cb","e4cc","e4ce","e4cf","e4d0","e4d1","e4d2","e4d3","e4d4","e4d5","e4d6","e4d7","e4d8","e4d9","e4da","e4db","e4dc","e4dd","e4de","e4e0","e4e1","e4e2","e4e3","e4e4","e4e5","e4e6","e4e8","e4e9","e4ea","e4eb","e4ed","e4ef","e4f0","e4f1","e4f2","e4f3","e4f4","e4f5","e4f6","e4f7","e4f8","e4f9","e4fa","e4fb","e4fc","e4fd","e4fe","e4ff","e500","e501","e502","e503","e507","e508","e509","e50a","e50b","e50c","e50d","e50e","e50f","e510","e511","e512","e513","e514","e515","e516","e517","e518","e519","e51a","e51b","e51c","e51d","e51e","e51f","e520","e521","e522","e523","e524","e525","e527","e528","e529","e52a","e52b","e52c","e52d","e52e","e52f","e532","e533","e534","e535","e536","e537","e538","e539","e53a","e53b","e53c","e53d","e53e","e53f","e540","e541","e542","e543","e544","e545","e546","e547","e548","e549","e54a","e54b","e54c","e54d","e54e","e54f","e551","e552","e553","e554","e555","e556","e557","e558","e55a","e55b","e55c","e55d","e55e","e55f","e560","e561","e562","e563","e564","e565","e566","e567","e568","e569","e56a","e56b","e56c","e56d","e56e","e56f","e571","e572","e573","e574","e576","e577","e578","e579","e57a","e57b","e57c","e57d","e57e","e57f","e580","e581","e582","e583","e584","e585","e586","e587","e589","e58a","e58b","e58c","e58d","e58e","e58f","e591","e592","e593","e594","e595","e596","e597","e598","e599","e59a","e59c","e59d","e5a0","e5a1","e5a9","e5aa","e5af","e5b4","f000","f001","f002","f004","f005","f007","f008","f009","f00a","f00b","f00c","f00d","f00e","f010","f011","f012","f013","f015","f017","f018","f019","f01c","f01e","f021","f022","f023","f024","f025","f026","f027","f028","f029","f02a","f02b","f02c","f02d","f02e","f02f","f030","f031","f032","f033","f034","f035","f036","f037","f038","f039","f03a","f03b","f03c","f03d","f03e","f041","f042","f043","f044","f047","f048","f049","f04a","f04b","f04c","f04d","f04e","f050","f051","f052","f053","f054","f055","f056","f057","f058","f059","f05a","f05b","f05e","f060","f061","f062","f063","f064","f065","f066","f068","f06a","f06b","f06c","f06d","f06e","f070","f071","f072","f073","f074","f075","f076","f077","f078","f079","f07a","f07b","f07c","f07d","f07e","f080","f083","f084","f085","f086","f089","f08b","f08d","f08e","f090","f091","f093","f094","f095","f098","f09c","f09d","f09e","f0a0","f0a1","f0a3","f0a4","f0a5","f0a6","f0a7","f0a8","f0a9","f0aa","f0ab","f0ac","f0ad","f0ae","f0b0","f0b1","f0b2","f0c0","f0c1","f0c2","f0c3","f0c4","f0c5","f0c6","f0c7","f0c8","f0c9","f0ca","f0cb","f0cc","f0cd","f0ce","f0d0","f0d1","f0d6","f0d7","f0d8","f0d9","f0da","f0db","f0dc","f0dd","f0de","f0e0","f0e2","f0e3","f0e7","f0e8","f0e9","f0ea","f0eb","f0ec","f0ed","f0ee","f0f0","f0f1","f0f2","f0f3","f0f4","f0f8","f0f9","f0fa","f0fb","f0fc","f0fd","f0fe","f100","f101","f102","f103","f104","f105","f106","f107","f109","f10a","f10b","f10d","f10e","f110","f111","f118","f119","f11a","f11b","f11c","f11e","f120","f121","f122","f124","f125","f126","f127","f129","f12b","f12c","f12d","f12e","f130","f131","f132","f133","f134","f135","f137","f138","f139","f13a","f13d","f13e","f140","f141","f142","f143","f144","f145","f146","f148","f149","f14a","f14b","f14c","f14d","f14e","f150","f151","f152","f153","f154","f156","f157","f158","f159","f15b","f15c","f15d","f15e","f160","f161","f162","f163","f164","f165","f175","f176","f177","f178","f182","f183","f185","f186","f187","f188","f191","f192","f193","f195","f197","f199","f19c","f19d","f1ab","f1ac","f1ad","f1ae","f1b0","f1b2","f1b3","f1b8","f1b9","f1ba","f1bb","f1c0","f1c1","f1c2","f1c3","f1c4","f1c5","f1c6","f1c7","f1c8","f1c9","f1cd","f1ce","f1d8","f1da","f1dc","f1dd","f1de","f1e0","f1e1","f1e2","f1e3","f1e4","f1e5","f1e6","f1ea","f1eb","f1ec","f1f6","f1f8","f1f9","f1fb","f1fc","f1fd","f1fe","f200","f201","f204","f205","f206","f207","f20a","f20b","f217","f218","f219","f21a","f21b","f21c","f21d","f21e","f221","f222","f223","f224","f225","f226","f227","f228","f229","f22a","f22b","f22c","f22d","f233","f234","f235","f236","f238","f239","f240","f241","f242","f243","f244","f245","f246","f247","f248","f249","f24d","f24e","f251","f252","f253","f254","f255","f256","f257","f258","f259","f25a","f25b","f25c","f25d","f26c","f271","f272","f273","f274","f275","f276","f277","f279","f27a","f28b","f28d","f290","f291","f29a","f29d","f29e","f2a0","f2a1","f2a2","f2a3","f2a4","f2a7","f2a8","f2b4","f2b5","f2b6","f2b9","f2bb","f2bd","f2c1","f2c2","f2c7","f2c8","f2c9","f2ca","f2cb","f2cc","f2cd","f2ce","f2d0","f2d1","f2d2","f2d3","f2db","f2dc","f2e5","f2e7","f2ea","f2ed","f2f1","f2f2","f2f5","f2f6","f2f9","f2fe","f302","f303","f304","f305","f309","f30a","f30b","f30c","f31c","f31e","f328","f337","f338","f358","f359","f35a","f35b","f35d","f360","f362","f363","f386","f387","f390","f3a5","f3be","f3bf","f3c1","f3c5","f3c9","f3cd","f3ce","f3cf","f3d1","f3dd","f3e0","f3e5","f3ed","f3fa","f3fb","f3ff","f406","f410","f422","f424","f432","f433","f434","f436","f439","f43a","f43c","f43f","f441","f443","f445","f447","f44b","f44e","f450","f453","f458","f45c","f45d","f45f","f461","f462","f466","f468","f469","f46a","f46b","f46c","f46d","f470","f471","f472","f474","f477","f478","f479","f47e","f47f","f481","f482","f484","f485","f486","f487","f48b","f48d","f48e","f490","f491","f492","f493","f494","f496","f497","f49e","f4ad","f4b3","f4b8","f4b9","f4ba","f4bd","f4be","f4c0","f4c1","f4c2","f4c4","f4c6","f4cd","f4ce","f4d3","f4d6","f4d7","f4d8","f4d9","f4da","f4db","f4de","f4df","f4e2","f4e3","f4fa","f4fb","f4fc","f4fd","f4fe","f4ff","f500","f501","f502","f503","f504","f505","f506","f507","f508","f509","f515","f516","f517","f518","f519","f51a","f51b","f51c","f51d","f51e","f51f","f520","f521","f522","f523","f524","f525","f526","f527","f528","f529","f52a","f52b","f52d","f52e","f52f","f530","f532","f533","f534","f535","f537","f538","f539","f53a","f53b","f53c","f53d","f53e","f53f","f540","f542","f543","f544","f545","f546","f547","f548","f549","f54a","f54b","f54c","f54d","f54e","f54f","f550","f551","f552","f553","f554","f555","f556","f557","f558","f559","f55a","f55b","f55c","f55d","f55e","f55f","f560","f561","f562","f563","f564","f565","f566","f567","f568","f569","f56a","f56b","f56c","f56d","f56e","f56f","f570","f571","f572","f573","f574","f575","f576","f577","f578","f579","f57a","f57b","f57c","f57d","f57e","f57f","f580","f581","f582","f583","f584","f585","f586","f587","f588","f589","f58a","f58b","f58c","f58d","f58e","f58f","f590","f591","f593","f594","f595","f596","f597","f598","f599","f59a","f59b","f59c","f59d","f59f","f5a0","f5a1","f5a2","f5a4","f5a5","f5a6","f5a7","f5aa","f5ab","f5ac","f5ad","f5ae","f5af","f5b0","f5b1","f5b3","f5b4","f5b6","f5b7","f5b8","f5ba","f5bb","f5bc","f5bd","f5bf","f5c0","f5c1","f5c2","f5c3","f5c4","f5c5","f5c7","f5c8","f5c9","f5ca","f5cb","f5cd","f5ce","f5d0","f5d1","f5d2","f5d7","f5da","f5dc","f5de","f5df","f5e1","f5e4","f5e7","f5eb","f5ee","f5fc","f5fd","f601","f604","f610","f613","f619","f61f","f621","f624","f625","f629","f62a","f62e","f62f","f630","f637","f63b","f63c","f641","f644","f647","f64a","f64f","f651","f653","f654","f655","f658","f65d","f65e","f662","f664","f665","f666","f669","f66a","f66b","f66d","f66f","f674","f676","f678","f679","f67b","f67c","f67f","f681","f682","f683","f684","f687","f688","f689","f696","f698","f699","f69a","f69b","f6a0","f6a1","f6a7","f6a9","f6ad","f6b6","f6b7","f6bb","f6be","f6c0","f6c3","f6c4","f6c8","f6cf","f6d1","f6d3","f6d5","f6d7","f6d9","f6dd","f6de","f6e2","f6e3","f6e6","f6e8","f6ec","f6ed","f6f0","f6f1","f6f2","f6fa","f6fc","f6ff","f700","f70b","f70c","f70e","f714","f715","f717","f71e","f722","f728","f729","f72b","f72e","f72f","f73b","f73c","f73d","f740","f743","f747","f74d","f751","f752","f753","f756","f75a","f75b","f75e","f75f","f769","f76b","f76c","f76f","f770","f772","f773","f77c","f77d","f780","f781","f783","f784","f786","f787","f788","f78c","f793","f794","f796","f79c","f79f","f7a0","f7a2","f7a4","f7a5","f7a6","f7a9","f7aa","f7ab","f7ad","f7ae","f7b5","f7b6","f7b9","f7ba","f7bd","f7bf","f7c0","f7c2","f7c4","f7c5","f7c9","f7ca","f7cc","f7cd","f7ce","f7d0","f7d2","f7d7","f7d8","f7d9","f7da","f7e4","f7e5","f7e6","f7ec","f7ef","f7f2","f7f3","f7f5","f7f7","f7fa","f7fb","f802","f805","f806","f807","f80d","f80f","f810","f812","f815","f816","f818","f81d","f827","f828","f829","f82a","f82f","f83e","f84a","f84c","f850","f853","f85e","f863","f86d","f879","f87b","f87c","f87d","f881","f882","f884","f885","f886","f887","f891","f897","f8c0","f8c1","f8cc","f8d7","f8d9","f8ef","f8ff"],"unicodeAliases":{"21":{"0":[10069,10071,61738]},"23":{"0":[62098]},"24":{"0":[128178,61781]},"25":{"0":[62101,62785]},"40":{"0":[61946]},"41":{"0":[97]},"42":{"0":[98]},"43":{"0":[99]},"44":{"0":[100]},"45":{"0":[101]},"46":{"0":[102]},"47":{"0":[103]},"48":{"0":[104]},"49":{"0":[105]},"50":{"0":[112]},"51":{"0":[113]},"52":{"0":[114]},"53":{"0":[115]},"54":{"0":[116]},"55":{"0":[117]},"56":{"0":[118]},"57":{"0":[119]},"58":{"0":[120]},"59":{"0":[121]},"2a":{"0":[10033,61545]},"2b":{"0":[10133,61543]},"3c":{"0":[62774]},"3d":{"0":[62764]},"3e":{"0":[62769]},"3f":{"0":[10067,10068,61736]},"4a":{"0":[106]},"4b":{"0":[107]},"4c":{"0":[108]},"4d":{"0":[109]},"4e":{"0":[110]},"4f":{"0":[111]},"5a":{"0":[122]},"e006":{"0":[128688]},"e06e":{"0":[129532]},"e3af":{"0":[63499]},"e448":{"0":[129424]},"e494":{"0":[58606]},"e5b4":{"0":[128650]},"f001":{"0":[127925]},"f002":{"0":[128269]},"f004":{"0":[128153,128154,128155,128156,128420,129293,129294,129505,9829,10084,61578]},"f005":{"0":[11088,61446]},"f007":{"0":[128100,62144]},"f008":{"0":[127902]},"f00c":{"0":[10003,10004]},"f00d":{"0":[128473,10005,10006,10060,215]},"f011":{"0":[9211]},"f012":{"0":[128246]},"f013":{"0":[9881]},"f015":{"0":[127968,63498,63500]},"f017":{"0":[128339]},"f018":{"0":[128739]},"f01e":{"0":[8635]},"f021":{"0":[128472]},"f023":{"0":[128274]},"f024":{"0":[127988,61725]},"f025":{"0":[127911]},"f027":{"0":[128264]},"f028":{"0":[128266]},"f02b":{"0":[127991]},"f02d":{"0":[128212]},"f02e":{"0":[128278,61591]},"f02f":{"0":[128424,128438,9113]},"f030":{"0":[62258]},"f042":{"0":[9680]},"f043":{"0":[128167]},"f049":{"0":[9198]},"f04a":{"0":[9194]},"f04b":{"0":[9654]},"f04c":{"0":[9208]},"f04d":{"0":[9209]},"f04e":{"0":[9193]},"f050":{"0":[9197]},"f052":{"0":[9167]},"f053":{"0":[9001]},"f054":{"0":[9002]},"f057":{"0":[61532]},"f058":{"0":[61533]},"f059":{"0":[62108]},"f05e":{"0":[128683]},"f060":{"0":[8592]},"f061":{"0":[8594]},"f062":{"0":[8593]},"f063":{"0":[8595]},"f068":{"0":[8211,8722,10134]},"f06b":{"0":[127873]},"f06d":{"0":[128293]},"f06e":{"0":[128065]},"f071":{"0":[9888]},"f074":{"0":[128256]},"f075":{"0":[128489,61669]},"f076":{"0":[129522]},"f07a":{"0":[128722]},"f07b":{"0":[128193,128447,61716]},"f07c":{"0":[128194,128449,61717]},"f083":{"0":[128247]},"f084":{"0":[128273]},"f086":{"0":[128490,61670]},"f089":{"0":[61731]},"f08d":{"0":[128204,128392]},"f091":{"0":[127942]},"f094":{"0":[127819]},"f095":{"0":[128222,128379]},"f09c":{"0":[128275]},"f09d":{"0":[128179,62083]},"f0a0":{"0":[128436]},"f0a1":{"0":[128226,128363]},"f0a6":{"0":[9757]},"f0ac":{"0":[127760]},"f0ad":{"0":[128295]},"f0b1":{"0":[128188]},"f0c1":{"0":[128279]},"f0c2":{"0":[9729]},"f0c4":{"0":[9984,9986,9988]},"f0c6":{"0":[128206]},"f0c7":{"0":[128190,128426]},"f0c8":{"0":[9632,9723,9724,61590]},"f0d1":{"0":[128666,9951]},"f0e0":{"0":[128386,9993,61443]},"f0e2":{"0":[8634]},"f0e7":{"0":[9889]},"f0eb":{"0":[128161]},"f0ec":{"0":[8644]},"f0ed":{"0":[62337]},"f0ee":{"0":[62338]},"f0f1":{"0":[129658]},"f0f2":{"0":[129523]},"f0f3":{"0":[128276,61602]},"f0f8":{"0":[127973,62589]},"f0f9":{"0":[128657]},"f0fe":{"0":[61846]},"f100":{"0":[171]},"f101":{"0":[187]},"f104":{"0":[8249]},"f105":{"0":[8250]},"f106":{"0":[8963]},"f107":{"0":[8964]},"f109":{"0":[128187]},"f10d":{"0":[8220]},"f10e":{"0":[8221]},"f111":{"0":[128308,128309,128992,128993,128994,128995,128996,9679,9898,9899,11044,61708,61915]},"f118":{"0":[128578]},"f119":{"0":[9785]},"f11a":{"0":[128528]},"f11c":{"0":[9000]},"f11e":{"0":[127937]},"f12e":{"0":[129513]},"f132":{"0":[128737]},"f133":{"0":[128197,128198]},"f134":{"0":[129519]},"f13d":{"0":[9875]},"f144":{"0":[61469]},"f145":{"0":[127903]},"f146":{"0":[61767]},"f14a":{"0":[9745,9989,61510]},"f14d":{"0":[61509]},"f14e":{"0":[129517]},"f153":{"0":[8364]},"f154":{"0":[163]},"f156":{"0":[8360]},"f157":{"0":[165]},"f158":{"0":[8381]},"f159":{"0":[8361]},"f15b":{"0":[128196,128459,61462]},"f15c":{"0":[128441,128462,61686]},"f164":{"0":[128077,61575]},"f165":{"0":[128078,61576]},"f183":{"0":[129485]},"f185":{"0":[9728]},"f186":{"0":[127769,9214]},"f192":{"0":[128280]},"f195":{"0":[8356]},"f19d":{"0":[127891]},"f1ac":{"0":[128224,128439]},"f1ad":{"0":[127970,61687]},"f1b8":{"0":[9842,9850,9851]},"f1b9":{"0":[128664]},"f1ba":{"0":[128662]},"f1bb":{"0":[127794]},"f1c5":{"0":[128443]},"f1d8":{"0":[61913]},"f1dd":{"0":[182]},"f1e2":{"0":[128163]},"f1e3":{"0":[9917]},"f1e6":{"0":[128268]},"f1ea":{"0":[128240]},"f1ec":{"0":[128425]},"f1f6":{"0":[128277,61943]},"f1f9":{"0":[169]},"f1fc":{"0":[128396]},"f1fd":{"0":[127874]},"f206":{"0":[128690]},"f207":{"0":[128653]},"f20b":{"0":[8362]},"f219":{"0":[9830]},"f21a":{"0":[128674]},"f21b":{"0":[128373]},"f21c":{"0":[127949]},"f221":{"0":[9792]},"f222":{"0":[9794]},"f223":{"0":[9791]},"f224":{"0":[9893]},"f225":{"0":[9895]},"f226":{"0":[9890]},"f227":{"0":[9891]},"f228":{"0":[9892]},"f229":{"0":[9894]},"f22a":{"0":[9896]},"f22b":{"0":[9897]},"f22c":{"0":[9906]},"f236":{"0":[128716]},"f238":{"0":[128646]},"f240":{"0":[128267]},"f249":{"0":[62026]},"f24e":{"0":[9878]},"f253":{"0":[8987]},"f254":{"0":[9203,62032]},"f256":{"0":[129306,9995]},"f259":{"0":[128406]},"f25b":{"0":[9996]},"f25c":{"0":[8482]},"f25d":{"0":[174]},"f26c":{"0":[63717]},"f276":{"0":[128205]},"f279":{"0":[128506,62072]},"f28b":{"0":[62092]},"f28d":{"0":[62094]},"f2b4":{"0":[62501,62694]},"f2b6":{"0":[62135]},"f2b9":{"0":[62138]},"f2bb":{"0":[62140]},"f2bd":{"0":[62142]},"f2c2":{"0":[62147]},"f2c9":{"0":[127777]},"f2cc":{"0":[128703]},"f2cd":{"0":[128705]},"f2d0":{"0":[128470]},"f2d1":{"0":[128469]},"f2d3":{"0":[10062]},"f2dc":{"0":[10052,10054]},"f2e5":{"0":[129348,61873]},"f2e7":{"0":[127860,61685]},"f2ed":{"0":[61460]},"f2f1":{"0":[128260]},"f2f2":{"0":[9201]},"f2fe":{"0":[128169]},"f303":{"0":[9999,61504]},"f304":{"0":[128394]},"f31c":{"0":[128221]},"f328":{"0":[128203]},"f337":{"0":[8596]},"f338":{"0":[8597,11021]},"f358":{"0":[61466]},"f359":{"0":[61840]},"f35a":{"0":[61838]},"f35b":{"0":[61467]},"f360":{"0":[8599]},"f363":{"0":[128257]},"f390":{"0":[128421,61704]},"f3a5":{"0":[128142]},"f3be":{"0":[10549]},"f3bf":{"0":[10548]},"f3c9":{"0":[127897]},"f3ce":{"0":[128241]},"f3e5":{"0":[61714]},"f410":{"0":[62164]},"f433":{"0":[129358,9918]},"f434":{"0":[127936]},"f43a":{"0":[9821]},"f43f":{"0":[9818]},"f441":{"0":[9822]},"f443":{"0":[9823]},"f445":{"0":[9819]},"f447":{"0":[9820]},"f44e":{"0":[127944]},"f45c":{"0":[128997,128998,128999,129000,129001,129002,129003,11035,11036]},"f45d":{"0":[127955]},"f45f":{"0":[127952]},"f462":{"0":[129657]},"f466":{"0":[128230]},"f468":{"0":[62625]},"f471":{"0":[129516]},"f47e":{"0":[9405]},"f48d":{"0":[128684]},"f48e":{"0":[128137]},"f492":{"0":[129514]},"f4ad":{"0":[128172,62075]},"f4ba":{"0":[128330]},"f4c6":{"0":[129309]},"f4d6":{"0":[127895]},"f4d8":{"0":[127793]},"f4da":{"0":[128521]},"f4e3":{"0":[127863]},"f500":{"0":[128101]},"f504":{"0":[129399]},"f518":{"0":[128214,128366]},"f51a":{"0":[129529]},"f51d":{"0":[9962]},"f51f":{"0":[128191,128192,128440]},"f521":{"0":[128081]},"f522":{"0":[127922]},"f523":{"0":[9860]},"f524":{"0":[9859]},"f525":{"0":[9856]},"f526":{"0":[9861]},"f527":{"0":[9858]},"f528":{"0":[9857]},"f529":{"0":[10135,247]},"f52a":{"0":[128682]},"f52d":{"0":[129718]},"f52f":{"0":[9981]},"f533":{"0":[128641]},"f534":{"0":[8734,9854]},"f53f":{"0":[127912]},"f540":{"0":[127359]},"f543":{"0":[129534]},"f544":{"0":[129302]},"f545":{"0":[128207]},"f549":{"0":[127979]},"f54a":{"0":[129691]},"f54c":{"0":[128128]},"f54d":{"0":[128685]},"f552":{"0":[129520]},"f553":{"0":[128085]},"f554":{"0":[128694]},"f556":{"0":[128544]},"f55a":{"0":[9003]},"f562":{"0":[128718]},"f563":{"0":[127850]},"f569":{"0":[129345]},"f578":{"0":[128031]},"f579":{"0":[128563]},"f57a":{"0":[128550]},"f57b":{"0":[127864]},"f57c":{"0":[127757]},"f57d":{"0":[127758]},"f57e":{"0":[127759]},"f57f":{"0":[128556]},"f580":{"0":[128512]},"f581":{"0":[128515]},"f582":{"0":[128516]},"f583":{"0":[128517]},"f584":{"0":[128525]},"f585":{"0":[128518]},"f586":{"0":[129315]},"f587":{"0":[129321]},"f588":{"0":[128514]},"f589":{"0":[128539]},"f58a":{"0":[128541]},"f58b":{"0":[128540]},"f594":{"0":[127976]},"f596":{"0":[128535]},"f597":{"0":[128537]},"f598":{"0":[128536]},"f59a":{"0":[128513]},"f5a2":{"0":[127941]},"f5a4":{"0":[128566]},"f5a5":{"0":[128580]},"f5ac":{"0":[128395,10002]},"f5ad":{"0":[10001]},"f5af":{"0":[128748]},"f5b0":{"0":[128747]},"f5b3":{"0":[128557]},"f5b4":{"0":[128546]},"f5b6":{"0":[128656]},"f5b8":{"0":[128522]},"f5c2":{"0":[128558]},"f5c4":{"0":[127946]},"f5c8":{"0":[128555]},"f5c9":{"0":[129463]},"f5ca":{"0":[127958]},"f5d1":{"0":[127822,127823]},"f5d2":{"0":[9883]},"f5d7":{"0":[129460]},"f5dc":{"0":[129504]},"f5e4":{"0":[128663]},"f604":{"0":[129729]},"f610":{"0":[128300]},"f625":{"0":[62461]},"f62a":{"0":[61668]},"f630":{"0":[127917]},"f637":{"0":[128678]},"f63c":{"0":[128763]},"f644":{"0":[9765]},"f64f":{"0":[127961]},"f654":{"0":[128327,10013]},"f655":{"0":[9784]},"f66b":{"0":[128331]},"f66d":{"0":[9772]},"f66f":{"0":[127963]},"f678":{"0":[128332]},"f679":{"0":[128329]},"f67c":{"0":[9774]},"f683":{"0":[128720]},"f696":{"0":[129510]},"f699":{"0":[9770]},"f69a":{"0":[10017]},"f69b":{"0":[128333]},"f6a1":{"0":[9961]},"f6ad":{"0":[9775]},"f6bb":{"0":[9978]},"f6be":{"0":[128008]},"f6c0":{"0":[129681]},"f6c4":{"0":[9925]},"f6c8":{"0":[128004]},"f6d3":{"0":[128021]},"f6d5":{"0":[128009]},"f6de":{"0":[9994]},"f6e2":{"0":[128123]},"f6e3":{"0":[128296]},"f6e6":{"0":[128334]},"f6ed":{"0":[129435]},"f6f0":{"0":[128014]},"f6f2":{"0":[8372]},"f6fc":{"0":[127956]},"f700":{"0":[129446]},"f70c":{"0":[127939]},"f70e":{"0":[128220]},"f714":{"0":[128369,9760]},"f717":{"0":[128375]},"f71e":{"0":[129531]},"f722":{"0":[128668]},"f73d":{"0":[127783,9926]},"f743":{"0":[127782]},"f753":{"0":[9732]},"f75b":{"0":[127752]},"f76c":{"0":[127785]},"f76f":{"0":[127786]},"f770":{"0":[127755]},"f780":{"0":[9763]},"f787":{"0":[129365]},"f79f":{"0":[129346]},"f7a0":{"0":[129347]},"f7a9":{"0":[128148]},"f7b6":{"0":[9749]},"f7ba":{"0":[9762]},"f7bf":{"0":[128752]},"f7c0":{"0":[128225]},"f7c9":{"0":[9975]},"f7ce":{"0":[127938]},"f7d0":{"0":[9731,9924]},"f7d7":{"0":[8376]},"f7d8":{"0":[128701]},"f7da":{"0":[128673,57551]},"f7e5":{"0":[129363]},"f7fb":{"0":[129370]},"f806":{"0":[128405]},"f80f":{"0":[127789]},"f810":{"0":[127848]},"f815":{"0":[128223]},"f816":{"0":[127798]},"f81d":{"0":[128176]},"f84a":{"0":[128692]},"f879":{"0":[128381]},"f8cc":{"0":[128433]},"f8d7":{"0":[128251]},"200b":{"0":[34,38,39,40,41,44,46,47,58,59,91,92,93,94,95,96,123,124,125,126,127,128,129,130,131,132,133,134,135,136,137,138,139,140,141,142,143,144,145,146,147,148,149,150,151,152,153,154,155,156,157,158,159,160,161,162,164,166,167,168,170,172,173,175,176,177,178,179,180,181,183,184,185,186,188,189,190,191,192,193,194,195,196,197,198,199,200,201,202,203,204,205,206,207,208,209,210,211,212,213,214,216,217,218,219,220,221,222,223,224,225,226,227,228,229,230,231,232,233,234,235,236,237,238,239,240,241,242,243,244,245,246,248,249,250,251,252,253,254,255,256,257,258,259,260,261,262,263,264,265,266,267,268,269,270,271,272,273,274,275,276,277,278,279,280,281,282,283,284,285,286,287,288,289,290,291,292,293,294,295,296,297,298,299,300,301,302,303,304,305,306,307,308,309,310,311,312,313,314,315,316,317,318,319,320,321,322,323,324,325,326,327,328,329,330,331,332,333,334,335,336,337,338,339,340,341,342,343,344,345,346,347,348,349,350,351,352,353,354,355,356,357,358,359,360,361,362,363,364,365,366,367,368,369,370,371,372,373,374,375,376,377,378,379,380,381,382,383,384,385,386,387,388,389,390,391,392,393,394,395,396,397,398,399,400,401,402,403,404,405,406,407,408,409,410,411,412,413,414,415,416,417,418,419,420,421,422,423,424,425,426,427,428,429,430,431,432,433,434,435,436,437,438,439,440,441,442,443,444,445,446,447,448,449,450,451,452,453,454,455,456,457,458,459,460,461,462,463,464,465,466,467,468,469,470,471,472,473,474,475,476,477,478,479,480,481,482,483,484,485,486,487,488,489,490,491,492,493,494,495,496,497,498,499,500,501,502,503,504,505,506,507,508,509,510,511,512,513,514,515,516,517,518,519,520,521,522,523,524,525,526,527,528,529,530,531,532,533,534,535,536,537,538,539,540,541,542,543,544,545,546,547,548,549,550,551,552,553,554,555,556,557,558,559,560,561,562,563,564,565,566,567,568,569,570,571,572,573,574,575,576,577,578,579,580,581,582,583,584,585,586,587,588,589,590,591,592,593,594,595,596,597,598,599,600,601,602,603,604,605,606,607,608,609,610,611,612,613,614,615,616,617,618,619,620,621,622,623,624,625,626,627,628,629,630,631,632,633,634,635,636,637,638,639,640,641,642,643,644,645,646,647,648,649,650,651,652,653,654,655,656,657,658,659,660,661,662,663,664,665,666,667,668,669,670,671,672,673,674,675,676,677,678,679,680,681,682,683,684,685,686,687,688,689,690,691,692,693,694,695,696,697,698,699,700,701,702,703,704,705,706,707,708,709,710,711,712,713,714,715,716,717,718,719,720,721,722,723,724,725,726,727,728,729,730,731,732,733,734,735,736,737,738,739,740,741,742,743,744,745,746,747,748,749,750,751,752,753,754,755,756,757,758,759,760,761,762,763,764,765,766,767,768,769,770,771,772,773,774,775,776,777,778,779,780,781,782,783,784,785,786,787,788,789,790,791,792,793,794,795,796,797,798,799,800,801,802,803,804,805,806,807,808,809,810,811,812,813,814,815,816,817,818,819,820,821,822,823,824,825,826,827,828,829,830,831,832,833,834,835,836,837,838,839,840,841,842,843,844,845,846,847,848,849,850,851,852,853,854,855,856,857,858,859,860,861,862,863,864,865,866,867,868,869,870,871,872,873,874,875,876,877,878,879,880,881,882,883,884,885,886,887,888,889,890,891,892,893,894,895,896,897,898,899,900,901,902,903,904,905,906,907,908,909,910,911,912,913,914,915,916,917,918,919,920,921,922,923,924,925,926,927,928,929,930,931,932,933,934,935,936,937,938,939,940,941,942,943,944,945,946,947,948,949,950,951,952,953,954,955,956,957,958,959,960,961,962,963,964,965,966,967,968,969,970,971,972,973,974,975,976,977,978,979,980,981,982,983,984,985,986,987,988,989,990,991,992,993,994,995,996,997,998,999,1000,1001,1002,1003,1004,1005,1006,1007,1008,1009,1010,1011,1012,1013,1014,1015,1016,1017,1018,1019,1020,1021,1022,1023,1024,1025,1026,1027,1028,1029,1030,1031,1032,1033,1034,1035,1036,1037,1038,1039,1040,1041,1042,1043,1044,1045,1046,1047,1048,1049,1050,1051,1052,1053,1054,1055,1056,1057,1058,1059,1060,1061,1062,1063,1064,1065,1066,1067,1068,1069,1070,1071,1072,1073,1074,1075,1076,1077,1078,1079,1080,1081,1082,1083,1084,1085,1086,1087,1088,1089,1090,1091,1092,1093,1094,1095,1096,1097,1098,1099,1100,1101,1102,1103,1104,1105,1106,1107,1108,1109,1110,1111,1112,1113,1114,1115,1116,1117,1118,1119,1120,1121,1122,1123,1124,1125,1126,1127,1128,1129,1130,1131,1132,1133,1134,1135,1136,1137,1138,1139,1140,1141,1142,1143,1144,1145,1146,1147,1148,1149,1150,1151,1152,1153,1154,1155,1156,1157,1158,1159,1160,1161,1162,1163,1164,1165,1166,1167,1168,1169,1170,1171,1172,1173,1174,1175,1176,1177,1178,1179,1180,1181,1182,1183,1184,1185,1186,1187,1188,1189,1190,1191,1192,1193,1194,1195,1196,1197,1198,1199,1200,1201,1202,1203,1204,1205,1206,1207,1208,1209,1210,1211,1212,1213,1214,1215,1216,1217,1218,1219,1220,1221,1222,1223,1224,1225,1226,1227,1228,1229,1230,1231,1232,1233,1234,1235,1236,1237,1238,1239,1240,1241,1242,1243,1244,1245,1246,1247,1248,1249,1250,1251,1252,1253,1254,1255,1256,1257,1258,1259,1260,1261,1262,1263,1264,1265,1266,1267,1268,1269,1270,1271,1272,1273,1274,1275,1276,1277,1278,1279,1280,1281,1282,1283,1284,1285,1286,1287,1288,1289,1290,1291,1292,1293,1294,1295,1296,1297,1298,1299,1300,1301,1302,1303,1304,1305,1306,1307,1308,1309,1310,1311,1312,1313,1314,1315,1316,1317,1318,1319,1320,1321,1322,1323,1324,1325,1326,1327,8208,8209,8212,8216,8217,8224,8225,8230,8240,8242,8243]}},"nameAliases":{"24":["dollar","usd"],"25":["percentage"],"f138":["chevron-circle-right"],"f2ed":["trash-alt"],"f235":["user-times"],"f27a":["comment-alt"],"f422":["compress-alt"],"f15c":["file-alt","file-text"],"f073":["calendar-alt"],"f45f":["volleyball-ball"],"f0dd":["sort-desc"],"f056":["minus-circle"],"f2f5":["sign-out-alt"],"f86d":["heart-music-camera-bolt"],"f539":["microphone-alt-slash"],"f689":["search-location"],"f051":["step-forward"],"f5b8":["smile-beam"],"f44e":["football-ball"],"f103":["angle-double-down"],"f0fc":["beer"],"f176":["long-arrow-up"],"f46a":["burn"],"f183":["male"],"f587":["grin-stars"],"f67b":["pastafarianism"],"f2e5":["utensil-spoon"],"f674":["mail-bulk"],"f47e":["hospital-symbol"],"f2b9":["contact-book"],"f303":["pencil-alt"],"f0ea":["file-clipboard"],"f4de":["truck-loading"],"f6a0":["torah"],"f458":["quidditch","quidditch-broom-ball"],"f187":["archive"],"f886":["sort-numeric-desc","sort-numeric-down-alt"],"f58a":["grin-tongue-squint"],"f57c":["globe-africa"],"f3fa":["tablet-alt"],"f579":["flushed"],"f0e3":["legal"],"f562":["concierge-bell"],"f5ae":["pencil-ruler"],"e068":["people-arrows-left-right"],"f152":["caret-square-right"],"f0c4":["cut"],"f566":["digital-tachograph"],"f3e5":["mail-reply"],"f146":["minus-square"],"f150":["caret-square-down"],"f0c9":["navicon"],"f253":["hourglass-3"],"f7a9":["heart-broken"],"f360":["external-link-square-alt"],"f597":["kiss-beam"],"f06a":["exclamation-circle"],"f08b":["sign-out"],"f13a":["chevron-circle-down"],"f13e":["unlock-alt"],"f58f":["headphones-alt"],"f4b9":["donate"],"f027":["volume-down"],"e2cd":["wheat-alt"],"f14a":["check-square"],"f1dc":["header"],"f03a":["list-squares"],"f87b":["phone-square-alt"],"f192":["dot-circle"],"f567":["dizzy"],"f1e3":["futbol-ball","soccer-ball"],"f1fc":["paint-brush"],"f593":["hot-tub"],"f59f":["map-marked"],"f044":["edit"],"f1e0":["share-alt"],"f252":["hourglass-2"],"f290":["shopping-bag"],"f881":["sort-alpha-desc","sort-alpha-down-alt"],"f256":["hand-paper"],"f596":["kiss"],"f589":["grin-tongue"],"f58c":["grin-wink"],"f2a4":["deaf","deafness","hard-of-hearing"],"f143":["rss-square"],"f6f2":["hryvnia"],"f581":["grin-alt"],"e579":["rod-asclepius","rod-snake","staff-aesculapius"],"f0f9":["ambulance"],"f2c9":["temperature-2","thermometer-2","thermometer-half"],"f75a":["poo-bolt"],"f57a":["frown-open"],"f07b":["folder-blank"],"f478":["file-medical-alt"],"f624":["dashboard","gauge-med","tachometer-alt-average"],"e2ca":["magic-wand-sparkles"],"f305":["pen-alt"],"f5b6":["shuttle-van"],"f191":["caret-square-left"],"f1fe":["area-chart"],"f05e":["cancel"],"f5d0":["air-freshener"],"f245":["mouse-pointer"],"f31e":["expand-arrows-alt"],"f61f":["triangle-circle-square"],"f074":["random"],"f70c":["running"],"f8cc":["mouse"],"f090":["sign-in"],"e070":["store-alt-slash"],"f251":["hourglass-1"],"f2f6":["sign-in-alt"],"f21e":["heartbeat"],"f4ce":["people-carry"],"f496":["weight"],"f500":["user-friends"],"f15e":["sort-alpha-up"],"f59b":["laugh-squint"],"f0aa":["arrow-circle-up"],"f554":["walking"],"f487":["procedures"],"f197":["space-shuttle"],"f599":["laugh"],"f3c9":["microphone-alt"],"f22a":["mars-stroke-v"],"f79f":["glass-cheers"],"f574":["file-upload"],"f1eb":["wifi-3","wifi-strong"],"f2cd":["bathtub"],"f4ff":["user-edit"],"f853":["border-style"],"f5a0":["map-marked-alt"],"f681":["poll"],"f5df":["battery-car"],"f22b":["mars-stroke-h"],"f255":["hand-rock"],"f151":["caret-square-up"],"f080":["bar-chart"],"e05e":["hands-wash"],"f2a8":["low-vision"],"f0fe":["plus-square"],"f57b":["glass-martini-alt"],"f2ea":["rotate-back","rotate-backward","undo-alt"],"f0db":["columns"],"f472":["dolly-box"],"f78c":["compress-arrows-alt"],"f101":["angle-double-right"],"f144":["play-circle"],"f153":["eur","euro"],"f058":["check-circle"],"f28d":["stop-circle"],"f568":["drafting-compass"],"f59a":["laugh-beam"],"f139":["chevron-circle-up"],"f154":["gbp","pound-sign"],"f175":["long-arrow-down"],"f122":["mail-reply-all"],"f7c5":["skating"],"f662":["funnel-dollar"],"f0ab":["arrow-circle-down"],"f56f":["arrow-right-to-file"],"f14c":["external-link-square"],"f2cb":["temperature-0","thermometer-0","thermometer-empty"],"f2bb":["contact-card","vcard"],"f516":["balance-scale-right"],"f5eb":["directions"],"e066":["laptop-house"],"f5c8":["tired"],"f2b4":["Font Awesome","font-awesome-flag","font-awesome-logo-full"],"f0ee":["cloud-upload","cloud-upload-alt"],"f4d8":["sprout"],"f337":["arrows-alt-h"],"f0a8":["arrow-circle-left"],"f160":["sort-amount-asc","sort-amount-down"],"f76c":["thunderstorm"],"f87d":["remove-format"],"f4da":["smile-wink"],"f07e":["arrows-h"],"f0ed":["cloud-download","cloud-download-alt"],"f51b":["blackboard"],"f4fa":["user-alt-slash"],"e05f":["handshake-alt-slash"],"f021":["refresh","sync"],"f3ed":["shield-alt"],"f558":["atlas"],"f6f1":["house-damage"],"f1c6":["file-archive"],"f000":["glass-martini"],"f7c9":["skiing"],"e03f":["temperature-down"],"f56b":["feather-alt"],"f641":["ad"],"f0a9":["arrow-circle-right"],"f0dc":["unsorted"],"f0cb":["list-1-2","list-numeric"],"f53d":["money-check-alt"],"f598":["kiss-wink-heart"],"f0b2":["arrows-alt"],"f5c0":["star-half-alt"],"f7a0":["glass-whiskey"],"f08e":["external-link"],"f159":["krw","won"],"f1ba":["cab"],"f200":["pie-chart"],"f582":["grin-beam"],"f041":["map-marker"],"f807":["hard-hat","hat-hard"],"f35a":["arrow-alt-circle-right"],"f5a5":["meh-rolling-eyes"],"f201":["line-chart"],"f277":["map-signs"],"f7d9":["tools"],"e1b0":["home-user"],"f561":["cocktail"],"f5c2":["surprise"],"f28b":["pause-circle"],"f5d1":["apple-alt"],"f2ca":["temperature-1","thermometer-1","thermometer-quarter"],"f682":["poll-h"],"f049":["fast-backward"],"f434":["basketball-ball"],"f35b":["arrow-alt-circle-up"],"f3cd":["mobile-alt"],"f028":["volume-up"],"f805":["hamburger"],"f156":["rupee"],"f059":["question-circle"],"f879":["phone-alt"],"f050":["fast-forward"],"f5a4":["meh-blank"],"f540":["parking"],"f828":["tasks-alt"],"f474":["dolly-flatbed"],"f54d":["smoking-ban"],"f291":["shopping-basket"],"f55e":["bus-alt"],"f5b3":["sad-cry"],"f012":["signal-5","signal-perfect"],"e3af":["home-lg"],"f119":["frown"],"f54f":["store-alt"],"f0c7":["save"],"f515":["balance-scale-left"],"f0de":["sort-asc"],"f4ad":["commenting"],"f585":["grin-squint"],"f4c0":["hand-holding-usd"],"f684":["praying-hands"],"f01e":["arrow-right-rotate","arrow-rotate-forward","redo"],"f601":["location"],"f588":["grin-tears"],"f273":["calendar-times"],"f4fe":["user-cog"],"f163":["sort-numeric-up"],"f85e":["digging"],"f629":["gauge-simple-med","tachometer-average"],"f10e":["quote-right-alt"],"f553":["t-shirt","tshirt"],"f7d7":["tenge"],"f35d":["external-link-alt"],"f00a":["th"],"f647":["bible"],"f0fa":["medkit"],"f182":["female"],"f64a":["briefcase-clock"],"f009":["th-large"],"f827":["tanakh"],"f2a0":["volume-control-phone"],"f1fd":["birthday-cake","cake"],"f102":["angle-double-up"],"f887":["sort-numeric-up-alt"],"f254":["hourglass-empty"],"f0f0":["user-md"],"f05a":["info-circle"],"f030":["camera-alt"],"f162":["sort-numeric-asc","sort-numeric-down"],"f4c1":["hand-holding-water"],"f486":["prescription-bottle-alt"],"f15d":["sort-alpha-asc","sort-alpha-down"],"f0e2":["arrow-left-rotate","arrow-rotate-back","arrow-rotate-backward","undo"],"f0a0":["hdd"],"f586":["grin-squint-tears"],"f022":["list-alt"],"f7ca":["skiing-nordic"],"f359":["arrow-alt-circle-left"],"f239":["subway"],"e1bc":["indian-rupee","inr"],"f565":["crop-alt"],"f3d1":["money-bill-alt"],"f30a":["long-arrow-alt-left"],"f068":["subtract"],"f177":["long-arrow-left"],"f2a3":["american-sign-language-interpreting","asl-interpreting","hands-american-sign-language-interpreting"],"f013":["cog"],"f5c7":["tint-slash"],"f07a":["shopping-cart"],"f148":["level-up"],"f698":["square-root-alt"],"f017":["clock-four"],"f048":["step-backward"],"f7f2":["clinic-medical"],"f2c8":["temperature-3","thermometer-3","thermometer-three-quarters"],"f3cf":["mobile-android-alt"],"f242":["battery-3"],"f1de":["sliders-h"],"f142":["ellipsis-v"],"f30b":["long-arrow-alt-right"],"f1e4":["teletype"],"f6ec":["hiking"],"f7da":["tram"],"f580":["grin"],"f55a":["backspace"],"f1fb":["eye-dropper-empty","eyedropper"],"f3ce":["mobile-android","mobile-phone"],"f11a":["meh"],"f6b7":["book-dead"],"f2c2":["drivers-license"],"f03b":["dedent"],"f015":["home","home-alt","home-lg-alt"],"f0ec":["exchange"],"f2f9":["redo-alt","rotate-forward"],"f2e7":["cutlery"],"f161":["sort-amount-up"],"f519":["broadcast-tower"],"f30c":["long-arrow-alt-up"],"f56d":["file-download"],"f0e7":["zap"],"f157":["cny","jpy","rmb","yen"],"f158":["rouble","rub","ruble"],"f59c":["laugh-wink"],"f358":["arrow-alt-circle-down"],"f884":["sort-amount-desc","sort-amount-down-alt"],"f178":["long-arrow-right"],"f141":["ellipsis-h"],"f479":["first-aid"],"f09d":["credit-card-alt"],"f1b9":["automobile"],"f5da":["book-reader"],"e040":["temperature-up"],"f0fd":["h-square"],"f2c7":["temperature-4","thermometer-4","thermometer-full"],"f4c4":["hands-helping"],"f3c5":["map-marker-alt"],"f5c4":["swimmer"],"f043":["tint"],"f57d":["earth","earth-america","globe-americas"],"f244":["battery-0"],"f625":["tachometer-alt","tachometer-alt-fast"],"f0f8":["hospital-alt","hospital-wide"],"f550":["reorder","stream"],"f29d":["blind"],"f772":["vote-yea"],"f468":["boxes","boxes-alt"],"f0c1":["chain"],"f2a2":["assistive-listening-systems"],"f002":["search"],"f45d":["ping-pong-paddle-ball","table-tennis"],"f470":["diagnoses"],"f82a":["trash-restore-alt"],"f31c":["file-edit"],"f14b":["pen-square","pencil-square"],"f240":["battery","battery-5"],"f0ca":["list-dots"],"f309":["long-arrow-alt-down"],"f752":["landmark-alt"],"f26c":["television","tv-alt"],"f0ae":["tasks"],"f2bd":["user-circle"],"f5e1":["car-crash"],"f7ce":["snowboarding"],"f48b":["shipping-fast"],"f042":["adjust"],"f7ba":["radiation-alt"],"f433":["baseball-ball"],"f542":["project-diagram"],"f6a9":["volume-mute","volume-times"],"f58d":["grip-horizontal"],"f14d":["share-square"],"e4e0":["child-rifle"],"f098":["phone-square"],"2b":["add"],"f00d":["close","multiply","remove","times"],"f047":["arrows"],"f51c":["chalkboard-teacher"],"f10d":["quote-left-alt"],"f829":["trash-restore"],"f20b":["ils","shekel","sheqel","sheqel-sign"],"f87c":["photo-video"],"f4d9":["sign"],"f3fb":["tablet-android"],"f5de":["car-alt"],"f243":["battery-2"],"f77d":["carriage-baby"],"f118":["smile"],"f08d":["thumb-tack"],"f683":["pray"],"f2f1":["sync-alt"],"f085":["cogs"],"f584":["grin-hearts"],"f225":["transgender-alt"],"f149":["level-down"],"f3ff":["ticket-alt"],"f100":["angle-double-left"],"f1da":["history"],"f583":["grin-beam-sweat"],"f56e":["arrow-right-from-file"],"f132":["shield-blank"],"f885":["sort-amount-up-alt"],"f450":["golf-ball"],"f137":["chevron-circle-left"],"f0d0":["magic"],"f5ce":["wine-glass-alt"],"f84a":["biking"],"e47b":["globe-oceania"],"f2d3":["times-square","xmark-square"],"f424":["expand-alt"],"f338":["arrows-alt-v"],"f666":["haykal"],"f055":["plus-circle"],"f58b":["grin-tongue-wink"],"f127":["chain-broken","chain-slash","unlink"],"f882":["sort-alpha-up-alt"],"f7e4":["fire-alt"],"f687":["quran"],"f556":["angry"],"f09e":["feed"],"f24e":["balance-scale"],"f62a":["tachometer","tachometer-fast"],"f390":["desktop-alt"],"f00b":["th-list"],"f7cd":["sms"],"f241":["battery-4"],"f6de":["fist-raised"],"f3e0":["portrait"],"f7a2":["globe-europe"],"f59d":["luggage-cart"],"f410":["rectangle-times","times-rectangle","window-close"],"f66a":["journal-whills"],"f071":["exclamation-triangle","warning"],"f064":["mail-forward"],"f362":["exchange-alt"],"f53b":["money-bill-wave-alt"],"f2a7":["sign-language","signing"],"f5c5":["ladder-water","swimming-pool"],"f07d":["arrows-v"],"f57f":["grimace"],"e2ce":["wheelchair-alt"],"f3be":["level-down-alt"],"f199":["envelope-square"],"f462":["band-aid"],"f057":["times-circle","xmark-circle"],"f57e":["globe-asia"],"f47f":["id-card-alt"],"f00e":["search-plus"],"f461":["allergies"],"f0f4":["coffee"],"f010":["search-minus"],"f406":["user-alt"],"f249":["sticky-note"],"f5b4":["sad-tear"],"e2bb":["try","turkish-lira"],"f688":["search-dollar"],"f509":["users-cog"],"f19c":["bank","institution","museum","university"],"f630":["theater-masks"],"f4c6":["handshake-alt"],"f0fb":["fighter-jet"],"f1e1":["share-alt-square"],"f03d":["video-camera"],"f19d":["mortar-board"],"f3bf":["level-up-alt"]},"usagePermissions":0}